{
  "LinearRegression": {
    "mae": 11315441.85872376,
    "rmse": 13357557.883692916,
    "mape": 60.77991908448723,
    "r2": 0.6444195205915229
  },
  "RandomForest": {
    "mae": 27168231.49952462,
    "rmse": 28577719.839132555,
    "mape": 129.19746126220005,
    "r2": -0.6275672040664517
  },
  "GradientBoosting": {
    "mae": 28054084.311000746,
    "rmse": 33053664.44918064,
    "mape": 114.40980195120333,
    "r2": -1.1773237477035714
  }
}